<annotation>
	<folder>left_SAC305_PANEL1_0000TSC</folder>
	<filename>left29.jpg</filename>
	<path>C:\Users\Mohd Zubair Akhtar\Desktop\new_left_SAC305_PANEL1_0500TSC\0000TSC_splitting\PANEL1_0000TSC\left_SAC305_PANEL1_0000TSC\left29.jpg</path>
	<source>
		<database>Unknown</database>
	</source>
	<size>
		<width>148</width>
		<height>280</height>
		<depth>1</depth>
	</size>
	<segmented>0</segmented>
	<object>
		<name>led</name>
		<pose>Unspecified</pose>
		<truncated>0</truncated>
		<difficult>0</difficult>
		<bndbox>
			<xmin>50</xmin>
			<ymin>104</ymin>
			<xmax>121</xmax>
			<ymax>177</ymax>
		</bndbox>
	</object>
</annotation>
