<annotation>
	<folder>right_SAC305PANEL1_0000TSC</folder>
	<filename>right4.jpg</filename>
	<path>C:\Users\Mohd Zubair Akhtar\Desktop\new_left_SAC305_PANEL1_0500TSC\0000TSC_splitting\PANEL1_0000TSC\right_SAC305PANEL1_0000TSC\right4.jpg</path>
	<source>
		<database>Unknown</database>
	</source>
	<size>
		<width>140</width>
		<height>264</height>
		<depth>1</depth>
	</size>
	<segmented>0</segmented>
	<object>
		<name>led</name>
		<pose>Unspecified</pose>
		<truncated>0</truncated>
		<difficult>0</difficult>
		<bndbox>
			<xmin>52</xmin>
			<ymin>93</ymin>
			<xmax>128</xmax>
			<ymax>167</ymax>
		</bndbox>
	</object>
</annotation>
